-- insert into Users
insert into Users (UserID, Username, FirstName, LastName, DateOfBirth, Password, DateAdded) values (1, 'dsample0', 'Dorelle', 'Sample', '4/5/2002', 'xE1,G!r}|x}O', '9/18/2023');
insert into Users (UserID, Username, FirstName, LastName, DateOfBirth, Password, DateAdded) values (2, 'kwheeliker1', 'Kristi', 'Wheeliker', '5/20/2003', 'oL0}ZmeJT', '3/6/2022');
insert into Users (UserID, Username, FirstName, LastName, DateOfBirth, Password, DateAdded) values (3, 'cpinckney2', 'Calley', 'Pinckney', '10/1/2001', 'zH4>VQWAR7X<"W', '8/14/2022');
insert into Users (UserID, Username, FirstName, LastName, DateOfBirth, Password, DateAdded) values (4, 'mdebenham3', 'Milicent', 'Debenham', '7/31/2001', 'mF6\@jM_s0', '11/11/2020');
insert into Users (UserID, Username, FirstName, LastName, DateOfBirth, Password, DateAdded) values (5, 'wblanchflower4', 'Welsh', 'Blanchflower', '6/6/2002', 'dK6<8O?A\Q13`%2P', '12/25/2023');
insert into Users (UserID, Username, FirstName, LastName, DateOfBirth, Password, DateAdded) values (6, 'cklosser5', 'Constantin', 'Klosser', '11/8/2003', 'mJ8+t#p~,e', '5/18/2020');
insert into Users (UserID, Username, FirstName, LastName, DateOfBirth, Password, DateAdded) values (7, 'rgippes6', 'Randy', 'Gippes', '2/11/2004', 'aT6#y%qVj8Jd\', '9/15/2024');
insert into Users (UserID, Username, FirstName, LastName, DateOfBirth, Password, DateAdded) values (8, 'rtringham7', 'Rufe', 'Tringham', '8/23/2003', 'oR9*9$o>H>r', '8/29/2023');
insert into Users (UserID, Username, FirstName, LastName, DateOfBirth, Password, DateAdded) values (9, 'ldevonshire8', 'Laney', 'Devonshire', '11/22/2003', 'aV5$NQnxE/$"', '1/29/2020');
insert into Users (UserID, Username, FirstName, LastName, DateOfBirth, Password, DateAdded) values (10, 'remnoney9', 'Rebbecca', 'Emnoney', '4/13/1999', 'jJ4#4~>Oo5h@', '10/25/2020');
insert into Users (UserID, Username, FirstName, LastName, DateOfBirth, Password, DateAdded) values (11, 'dkrahla', 'Dolph', 'Krahl', '7/1/2002', 'nK0)CeZ.<<`WXP', '11/28/2024');
insert into Users (UserID, Username, FirstName, LastName, DateOfBirth, Password, DateAdded) values (12, 'jmiqueletb', 'Josy', 'Miquelet', '3/4/2000', 'iS6`PJ|ksrBK', '4/13/2023');
insert into Users (UserID, Username, FirstName, LastName, DateOfBirth, Password, DateAdded) values (13, 'aperuttoc', 'Astrix', 'Perutto', '8/5/2004', 'eL7/IfeE', '6/25/2021');
insert into Users (UserID, Username, FirstName, LastName, DateOfBirth, Password, DateAdded) values (14, 'bgreenshieldsd', 'Bartolomeo', 'Greenshields', '6/27/2001', 'tL7?*&va$DQ>7&qm', '7/20/2020');
insert into Users (UserID, Username, FirstName, LastName, DateOfBirth, Password, DateAdded) values (15, 'pspurlinge', 'Pebrook', 'Spurling', '9/7/2003', 'cG3~2?s{Mi~m', '11/21/2022');
insert into Users (UserID, Username, FirstName, LastName, DateOfBirth, Password, DateAdded) values (16, 'cmunganf', 'Corry', 'Mungan', '8/8/2005', 'gD1%(JA{', '8/31/2023');
insert into Users (UserID, Username, FirstName, LastName, DateOfBirth, Password, DateAdded) values (17, 'kgatchellg', 'Katie', 'Gatchell', '2/1/2005', 'vC5&yT|~w', '11/7/2022');
insert into Users (UserID, Username, FirstName, LastName, DateOfBirth, Password, DateAdded) values (18, 'cstumph', 'Caria', 'Stump', '4/16/2001', 'tB5+4WAE!2k', '11/6/2022');
insert into Users (UserID, Username, FirstName, LastName, DateOfBirth, Password, DateAdded) values (19, 'astoodleyi', 'Andee', 'Stoodley', '1/3/2000', 'qT0{\vlA>$KH+xQ', '11/18/2024');
insert into Users (UserID, Username, FirstName, LastName, DateOfBirth, Password, DateAdded) values (20, 'mmithunj', 'Maxie', 'Mithun', '11/9/2002', 'uY2"/p<brkV*+J{', '12/17/2021');

-- insert into Friends
insert into Friends (FriendID, FriendWhoAdded, FriendBeingAdded, IsAccepted, DateAdded ) values (1, 2, 8, true, '2/2/2022');
insert into Friends (FriendID, FriendWhoAdded, FriendBeingAdded, IsAccepted, DateAdded ) values (2, 13, 2, true, '4/21/2023');
insert into Friends (FriendID, FriendWhoAdded, FriendBeingAdded, IsAccepted, DateAdded ) values (3, 13, 2, true, '10/28/2020');
insert into Friends (FriendID, FriendWhoAdded, FriendBeingAdded, IsAccepted, DateAdded ) values (4, 1, 7, true, '4/3/2021');
insert into Friends (FriendID, FriendWhoAdded, FriendBeingAdded, IsAccepted, DateAdded ) values (5, 8, 17, false, '5/29/2021');
insert into Friends (FriendID, FriendWhoAdded, FriendBeingAdded, IsAccepted, DateAdded ) values (6, 18, 1, false, '8/7/2021');
insert into Friends (FriendID, FriendWhoAdded, FriendBeingAdded, IsAccepted, DateAdded ) values (7, 4, 7, false, '5/17/2022');
insert into Friends (FriendID, FriendWhoAdded, FriendBeingAdded, IsAccepted, DateAdded ) values (8, 8, 6, true, '10/22/2023');
insert into Friends (FriendID, FriendWhoAdded, FriendBeingAdded, IsAccepted, DateAdded ) values (9, 8, 14, true, '1/4/2020');
insert into Friends (FriendID, FriendWhoAdded, FriendBeingAdded, IsAccepted, DateAdded ) values (10, 2, 5, false, '3/21/2022');
insert into Friends (FriendID, FriendWhoAdded, FriendBeingAdded, IsAccepted, DateAdded ) values (11, 2, 3, true, '10/15/2022');
insert into Friends (FriendID, FriendWhoAdded, FriendBeingAdded, IsAccepted, DateAdded ) values (12, 20, 14, true, '6/8/2020');
insert into Friends (FriendID, FriendWhoAdded, FriendBeingAdded, IsAccepted, DateAdded ) values (13, 9, 11, true, '6/28/2023');
insert into Friends (FriendID, FriendWhoAdded, FriendBeingAdded, IsAccepted, DateAdded ) values (14, 18, 6, true, '1/3/2022');
insert into Friends (FriendID, FriendWhoAdded, FriendBeingAdded, IsAccepted, DateAdded ) values (15, 19, 14, false, '4/27/2020');
insert into Friends (FriendID, FriendWhoAdded, FriendBeingAdded, IsAccepted, DateAdded ) values (16, 11, 10, false, '8/1/2021');
insert into Friends (FriendID, FriendWhoAdded, FriendBeingAdded, IsAccepted, DateAdded ) values (17, 1, 15, true, '1/5/2021');
insert into Friends (FriendID, FriendWhoAdded, FriendBeingAdded, IsAccepted, DateAdded ) values (18, 14, 10, false, '5/20/2024');
insert into Friends (FriendID, FriendWhoAdded, FriendBeingAdded, IsAccepted, DateAdded ) values (19, 13, 19, true, '11/15/2023');
insert into Friends (FriendID, FriendWhoAdded, FriendBeingAdded, IsAccepted, DateAdded ) values (20, 1, 7, false, '7/12/2023');
insert into Friends (FriendID, FriendWhoAdded, FriendBeingAdded, IsAccepted, DateAdded ) values (21, 14, 3, true, '8/16/2023');
insert into Friends (FriendID, FriendWhoAdded, FriendBeingAdded, IsAccepted, DateAdded ) values (22, 19, 11, false, '4/5/2023');
insert into Friends (FriendID, FriendWhoAdded, FriendBeingAdded, IsAccepted, DateAdded ) values (23, 16, 1, true, '3/28/2022');
insert into Friends (FriendID, FriendWhoAdded, FriendBeingAdded, IsAccepted, DateAdded ) values (24, 19, 15, true, '10/14/2021');
insert into Friends (FriendID, FriendWhoAdded, FriendBeingAdded, IsAccepted, DateAdded ) values (25, 4, 2, false, '5/27/2021');
insert into Friends (FriendID, FriendWhoAdded, FriendBeingAdded, IsAccepted, DateAdded ) values (26, 19, 3, true, '5/11/2021');
insert into Friends (FriendID, FriendWhoAdded, FriendBeingAdded, IsAccepted, DateAdded ) values (27, 1, 19, false, '10/16/2023');
insert into Friends (FriendID, FriendWhoAdded, FriendBeingAdded, IsAccepted, DateAdded ) values (28, 2, 10, true, '2/4/2023');
insert into Friends (FriendID, FriendWhoAdded, FriendBeingAdded, IsAccepted, DateAdded ) values (29, 15, 19, false, '3/8/2021');
insert into Friends (FriendID, FriendWhoAdded, FriendBeingAdded, IsAccepted, DateAdded ) values (30, 13, 4, true, '10/3/2020');
insert into Friends (FriendID, FriendWhoAdded, FriendBeingAdded, IsAccepted, DateAdded ) values (31, 14, 3, true, '7/23/2022');
insert into Friends (FriendID, FriendWhoAdded, FriendBeingAdded, IsAccepted, DateAdded ) values (32, 8, 10, false, '2/13/2020');
insert into Friends (FriendID, FriendWhoAdded, FriendBeingAdded, IsAccepted, DateAdded ) values (33, 11, 19, true, '11/11/2020');
insert into Friends (FriendID, FriendWhoAdded, FriendBeingAdded, IsAccepted, DateAdded ) values (34, 6, 9, true, '12/21/2023');
insert into Friends (FriendID, FriendWhoAdded, FriendBeingAdded, IsAccepted, DateAdded ) values (35, 7, 4, true, '8/23/2023');
insert into Friends (FriendID, FriendWhoAdded, FriendBeingAdded, IsAccepted, DateAdded ) values (36, 14, 10, false, '6/29/2023');
insert into Friends (FriendID, FriendWhoAdded, FriendBeingAdded, IsAccepted, DateAdded ) values (37, 1, 4, true, '7/27/2023');
insert into Friends (FriendID, FriendWhoAdded, FriendBeingAdded, IsAccepted, DateAdded ) values (38, 5, 11, true, '3/28/2023');
insert into Friends (FriendID, FriendWhoAdded, FriendBeingAdded, IsAccepted, DateAdded ) values (39, 7, 14, true, '6/25/2022');
insert into Friends (FriendID, FriendWhoAdded, FriendBeingAdded, IsAccepted, DateAdded ) values (40, 18, 17, true, '6/29/2024');
insert into Friends (FriendID, FriendWhoAdded, FriendBeingAdded, IsAccepted, DateAdded ) values (41, 6, 4, false, '5/14/2022');
insert into Friends (FriendID, FriendWhoAdded, FriendBeingAdded, IsAccepted, DateAdded ) values (42, 2, 12, true, '11/15/2020');
insert into Friends (FriendID, FriendWhoAdded, FriendBeingAdded, IsAccepted, DateAdded ) values (43, 11, 1, false, '4/8/2020');
insert into Friends (FriendID, FriendWhoAdded, FriendBeingAdded, IsAccepted, DateAdded ) values (44, 4, 3, false, '10/27/2024');
insert into Friends (FriendID, FriendWhoAdded, FriendBeingAdded, IsAccepted, DateAdded ) values (45, 19, 4, true, '6/24/2020');
insert into Friends (FriendID, FriendWhoAdded, FriendBeingAdded, IsAccepted, DateAdded ) values (46, 7, 7, true, '3/7/2022');
insert into Friends (FriendID, FriendWhoAdded, FriendBeingAdded, IsAccepted, DateAdded ) values (47, 1, 5, false, '11/27/2023');
insert into Friends (FriendID, FriendWhoAdded, FriendBeingAdded, IsAccepted, DateAdded ) values (48, 19, 6, false, '7/15/2024');
insert into Friends (FriendID, FriendWhoAdded, FriendBeingAdded, IsAccepted, DateAdded ) values (49, 4, 11, false, '4/5/2024');
insert into Friends (FriendID, FriendWhoAdded, FriendBeingAdded, IsAccepted, DateAdded ) values (50, 7, 8, true, '4/29/2024');

-- insert into groups
insert into Groups (GroupID, GroupName, CreatedBy, DateAdded) values (1, 'Streich, Kertzmann and Koepp', 17, '1/15/2022');
insert into Groups (GroupID, GroupName, CreatedBy, DateAdded) values (2, 'Armstrong, Kuhic and Watsica', 20, '8/29/2023');
insert into Groups (GroupID, GroupName, CreatedBy, DateAdded) values (3, 'Toy, Botsford and Kilback', 18, '8/14/2023');
insert into Groups (GroupID, GroupName, CreatedBy, DateAdded) values (4, 'Greenholt Inc', 18, '7/28/2023');
insert into Groups (GroupID, GroupName, CreatedBy, DateAdded) values (5, 'Cummings Inc', 15, '8/3/2022');

-- insert into posts
insert into Posts (PostID, PostDescription, PostedBy, IsPublic, IsOnlyForFriends, GroupID, DatePosted) values (1, 'quis justo maecenas rhoncus aliquam lacus', 6, false, true, 4, '9/6/2020');
insert into Posts (PostID, PostDescription, PostedBy, IsPublic, IsOnlyForFriends, GroupID, DatePosted) values (2, 'luctus et ultrices posuere cubilia curae mauris viverra diam', 16, false, false, 1, '7/21/2021');
insert into Posts (PostID, PostDescription, PostedBy, IsPublic, IsOnlyForFriends, GroupID, DatePosted) values (3, 'ultrices aliquet maecenas leo odio condimentum id luctus nec molestie', 13, true, true, 2, '1/6/2023');
insert into Posts (PostID, PostDescription, PostedBy, IsPublic, IsOnlyForFriends, GroupID, DatePosted) values (4, 'amet sem fusce consequat nulla nisl nunc nisl', 9, true, false, 2, '1/29/2023');
insert into Posts (PostID, PostDescription, PostedBy, IsPublic, IsOnlyForFriends, GroupID, DatePosted) values (5, 'volutpat convallis morbi odio odio elementum eu interdum eu tincidunt', 3, false, false, 2, '8/24/2024');
insert into Posts (PostID, PostDescription, PostedBy, IsPublic, IsOnlyForFriends, GroupID, DatePosted) values (6, 'tortor id nulla ultrices aliquet maecenas leo odio condimentum', 5, true, false, 4, '12/5/2021');
insert into Posts (PostID, PostDescription, PostedBy, IsPublic, IsOnlyForFriends, GroupID, DatePosted) values (7, 'libero ut massa volutpat convallis morbi', 5, true, true, 4, '5/24/2021');
insert into Posts (PostID, PostDescription, PostedBy, IsPublic, IsOnlyForFriends, GroupID, DatePosted) values (8, 'in sagittis dui vel nisl duis ac', 15, true, true, 3, '10/7/2021');
insert into Posts (PostID, PostDescription, PostedBy, IsPublic, IsOnlyForFriends, GroupID, DatePosted) values (9, 'turpis eget elit sodales scelerisque mauris sit', 11, false, false, 5, '11/24/2022');
insert into Posts (PostID, PostDescription, PostedBy, IsPublic, IsOnlyForFriends, GroupID, DatePosted) values (10, 'vestibulum ac est lacinia nisi venenatis tristique fusce congue', 19, true, false, 3, '7/17/2021');
insert into Posts (PostID, PostDescription, PostedBy, IsPublic, IsOnlyForFriends, GroupID, DatePosted) values (11, 'odio consequat varius integer ac', 3, true, true, 2, '9/3/2022');
insert into Posts (PostID, PostDescription, PostedBy, IsPublic, IsOnlyForFriends, GroupID, DatePosted) values (12, 'pulvinar lobortis est phasellus sit amet erat nulla tempus vivamus', 20, true, true, 1, '1/12/2021');
insert into Posts (PostID, PostDescription, PostedBy, IsPublic, IsOnlyForFriends, GroupID, DatePosted) values (13, 'suspendisse potenti cras in purus eu magna', 9, false, false, 3, '6/25/2022');
insert into Posts (PostID, PostDescription, PostedBy, IsPublic, IsOnlyForFriends, GroupID, DatePosted) values (14, 'quam a odio in hac habitasse platea dictumst maecenas ut', 11, false, false, 5, '10/19/2023');
insert into Posts (PostID, PostDescription, PostedBy, IsPublic, IsOnlyForFriends, GroupID, DatePosted) values (15, 'dis parturient montes nascetur ridiculus', 17, true, true, 2, '9/25/2023');
insert into Posts (PostID, PostDescription, PostedBy, IsPublic, IsOnlyForFriends, GroupID, DatePosted) values (16, 'nec nisi vulputate nonummy maecenas tincidunt lacus at velit vivamus', 14, true, true, 5, '4/26/2022');
insert into Posts (PostID, PostDescription, PostedBy, IsPublic, IsOnlyForFriends, GroupID, DatePosted) values (17, 'rhoncus dui vel sem sed sagittis nam congue risus', 6, true, true, 5, '8/9/2023');
insert into Posts (PostID, PostDescription, PostedBy, IsPublic, IsOnlyForFriends, GroupID, DatePosted) values (18, 'turpis sed ante vivamus tortor', 8, true, true, 4, '8/11/2023');
insert into Posts (PostID, PostDescription, PostedBy, IsPublic, IsOnlyForFriends, GroupID, DatePosted) values (19, 'amet turpis elementum ligula vehicula consequat morbi a', 4, false, false, 1, '3/3/2020');
insert into Posts (PostID, PostDescription, PostedBy, IsPublic, IsOnlyForFriends, GroupID, DatePosted) values (20, 'magna vestibulum aliquet ultrices erat tortor sollicitudin mi sit amet', 4, true, true, 3, '12/13/2024');
insert into Posts (PostID, PostDescription, PostedBy, IsPublic, IsOnlyForFriends, GroupID, DatePosted) values (21, 'lectus pellentesque eget nunc donec quis', 5, true, false, 1, '7/10/2023');
insert into Posts (PostID, PostDescription, PostedBy, IsPublic, IsOnlyForFriends, GroupID, DatePosted) values (22, 'quisque id justo sit amet sapien dignissim vestibulum', 18, true, true, 4, '1/3/2022');
insert into Posts (PostID, PostDescription, PostedBy, IsPublic, IsOnlyForFriends, GroupID, DatePosted) values (23, 'vivamus vel nulla eget eros elementum pellentesque quisque', 8, false, true, 1, '2/26/2024');
insert into Posts (PostID, PostDescription, PostedBy, IsPublic, IsOnlyForFriends, GroupID, DatePosted) values (24, 'placerat praesent blandit nam nulla integer pede justo', 3, true, false, 2, '9/17/2023');
insert into Posts (PostID, PostDescription, PostedBy, IsPublic, IsOnlyForFriends, GroupID, DatePosted) values (25, 'lobortis est phasellus sit amet', 3, false, false, 1, '4/12/2024');
insert into Posts (PostID, PostDescription, PostedBy, IsPublic, IsOnlyForFriends, GroupID, DatePosted) values (26, 'aenean lectus pellentesque eget nunc donec quis orci eget', 13, false, false, 4, '7/20/2022');
insert into Posts (PostID, PostDescription, PostedBy, IsPublic, IsOnlyForFriends, GroupID, DatePosted) values (27, 'donec diam neque vestibulum eget vulputate ut ultrices', 12, false, false, 1, '4/4/2023');
insert into Posts (PostID, PostDescription, PostedBy, IsPublic, IsOnlyForFriends, GroupID, DatePosted) values (28, 'rhoncus sed vestibulum sit amet cursus id turpis integer aliquet', 15, false, false, 5, '11/20/2023');
insert into Posts (PostID, PostDescription, PostedBy, IsPublic, IsOnlyForFriends, GroupID, DatePosted) values (29, 'sapien ut nunc vestibulum ante ipsum primis in faucibus orci', 18, true, false, 1, '7/8/2022');
insert into Posts (PostID, PostDescription, PostedBy, IsPublic, IsOnlyForFriends, GroupID, DatePosted) values (30, 'orci luctus et ultrices posuere cubilia curae', 16, false, false, 3, '2/11/2020');
insert into Posts (PostID, PostDescription, PostedBy, IsPublic, IsOnlyForFriends, GroupID, DatePosted) values (31, 'nibh in hac habitasse platea dictumst aliquam augue quam', 8, true, false, 5, '3/5/2023');
insert into Posts (PostID, PostDescription, PostedBy, IsPublic, IsOnlyForFriends, GroupID, DatePosted) values (32, 'leo pellentesque ultrices mattis odio donec vitae nisi', 11, true, true, 3, '9/6/2021');
insert into Posts (PostID, PostDescription, PostedBy, IsPublic, IsOnlyForFriends, GroupID, DatePosted) values (33, 'libero non mattis pulvinar nulla pede ullamcorper', 9, false, true, 1, '6/1/2020');
insert into Posts (PostID, PostDescription, PostedBy, IsPublic, IsOnlyForFriends, GroupID, DatePosted) values (34, 'id nulla ultrices aliquet maecenas leo', 12, true, true, 3, '1/16/2023');
insert into Posts (PostID, PostDescription, PostedBy, IsPublic, IsOnlyForFriends, GroupID, DatePosted) values (35, 'nulla tellus in sagittis dui vel nisl duis', 10, true, false, 1, '10/18/2020');
insert into Posts (PostID, PostDescription, PostedBy, IsPublic, IsOnlyForFriends, GroupID, DatePosted) values (36, 'nam ultrices libero non mattis pulvinar nulla pede ullamcorper', 15, true, false, 1, '1/26/2022');
insert into Posts (PostID, PostDescription, PostedBy, IsPublic, IsOnlyForFriends, GroupID, DatePosted) values (37, 'id massa id nisl venenatis lacinia aenean sit', 7, true, true, 5, '10/5/2024');
insert into Posts (PostID, PostDescription, PostedBy, IsPublic, IsOnlyForFriends, GroupID, DatePosted) values (38, 'ac leo pellentesque ultrices mattis odio donec', 20, true, true, 2, '12/31/2022');
insert into Posts (PostID, PostDescription, PostedBy, IsPublic, IsOnlyForFriends, GroupID, DatePosted) values (39, 'suspendisse potenti cras in purus eu magna vulputate luctus cum', 19, false, true, 5, '7/5/2023');
insert into Posts (PostID, PostDescription, PostedBy, IsPublic, IsOnlyForFriends, GroupID, DatePosted) values (40, 'lacus at turpis donec posuere metus vitae ipsum aliquam', 4, false, false, 5, '1/17/2022');
insert into Posts (PostID, PostDescription, PostedBy, IsPublic, IsOnlyForFriends, GroupID, DatePosted) values (41, 'morbi vestibulum velit id pretium iaculis diam erat fermentum justo', 6, false, false, 3, '6/15/2022');
insert into Posts (PostID, PostDescription, PostedBy, IsPublic, IsOnlyForFriends, GroupID, DatePosted) values (42, 'rhoncus mauris enim leo rhoncus sed vestibulum sit amet cursus', 2, true, false, 4, '10/29/2021');
insert into Posts (PostID, PostDescription, PostedBy, IsPublic, IsOnlyForFriends, GroupID, DatePosted) values (43, 'felis donec semper sapien a libero nam', 9, false, false, 2, '12/2/2021');
insert into Posts (PostID, PostDescription, PostedBy, IsPublic, IsOnlyForFriends, GroupID, DatePosted) values (44, 'consectetuer adipiscing elit proin risus praesent lectus vestibulum quam', 17, true, false, 5, '7/19/2024');
insert into Posts (PostID, PostDescription, PostedBy, IsPublic, IsOnlyForFriends, GroupID, DatePosted) values (45, 'morbi quis tortor id nulla ultrices', 11, false, false, 1, '5/8/2023');
insert into Posts (PostID, PostDescription, PostedBy, IsPublic, IsOnlyForFriends, GroupID, DatePosted) values (46, 'orci luctus et ultrices posuere cubilia', 17, false, true, 1, '5/17/2020');
insert into Posts (PostID, PostDescription, PostedBy, IsPublic, IsOnlyForFriends, GroupID, DatePosted) values (47, 'vestibulum proin eu mi nulla ac enim in tempor', 2, true, true, 2, '8/12/2020');
insert into Posts (PostID, PostDescription, PostedBy, IsPublic, IsOnlyForFriends, GroupID, DatePosted) values (48, 'volutpat in congue etiam justo', 3, true, false, 3, '10/8/2020');
insert into Posts (PostID, PostDescription, PostedBy, IsPublic, IsOnlyForFriends, GroupID, DatePosted) values (49, 'curabitur at ipsum ac tellus', 3, false, false, 1, '10/10/2023');
insert into Posts (PostID, PostDescription, PostedBy, IsPublic, IsOnlyForFriends, GroupID, DatePosted) values (50, 'nam congue risus semper porta volutpat quam', 16, true, false, 4, '11/20/2022');

-- insert into groupmembershiprequests
insert into GroupMembershipRequests (GroupMemberShipRequestsID, GroupID, GroupMemberUserID, IsGroupMemberShipAccepted, DateAccepted) values (1, 2, 9, true, '5/23/2024');
insert into GroupMembershipRequests (GroupMemberShipRequestsID, GroupID, GroupMemberUserID, IsGroupMemberShipAccepted, DateAccepted) values (2, 5, 20, true, '11/8/2024');
insert into GroupMembershipRequests (GroupMemberShipRequestsID, GroupID, GroupMemberUserID, IsGroupMemberShipAccepted, DateAccepted) values (3, 5, 17, true, '2/12/2023');
insert into GroupMembershipRequests (GroupMemberShipRequestsID, GroupID, GroupMemberUserID, IsGroupMemberShipAccepted, DateAccepted) values (4, 2, 6, false, '11/24/2023');
insert into GroupMembershipRequests (GroupMemberShipRequestsID, GroupID, GroupMemberUserID, IsGroupMemberShipAccepted, DateAccepted) values (5, 2, 10, true, '12/30/2021');
insert into GroupMembershipRequests (GroupMemberShipRequestsID, GroupID, GroupMemberUserID, IsGroupMemberShipAccepted, DateAccepted) values (6, 1, 10, false, '4/30/2024');
insert into GroupMembershipRequests (GroupMemberShipRequestsID, GroupID, GroupMemberUserID, IsGroupMemberShipAccepted, DateAccepted) values (7, 3, 14, false, '6/17/2023');
insert into GroupMembershipRequests (GroupMemberShipRequestsID, GroupID, GroupMemberUserID, IsGroupMemberShipAccepted, DateAccepted) values (8, 1, 19, true, '8/6/2021');
insert into GroupMembershipRequests (GroupMemberShipRequestsID, GroupID, GroupMemberUserID, IsGroupMemberShipAccepted, DateAccepted) values (9, 2, 9, false, '4/13/2023');
insert into GroupMembershipRequests (GroupMemberShipRequestsID, GroupID, GroupMemberUserID, IsGroupMemberShipAccepted, DateAccepted) values (10, 5, 13, false, '1/5/2021');
insert into GroupMembershipRequests (GroupMemberShipRequestsID, GroupID, GroupMemberUserID, IsGroupMemberShipAccepted, DateAccepted) values (11, 5, 7, true, '8/22/2023');
insert into GroupMembershipRequests (GroupMemberShipRequestsID, GroupID, GroupMemberUserID, IsGroupMemberShipAccepted, DateAccepted) values (12, 4, 8, true, '12/21/2024');
insert into GroupMembershipRequests (GroupMemberShipRequestsID, GroupID, GroupMemberUserID, IsGroupMemberShipAccepted, DateAccepted) values (13, 4, 8, false, '6/14/2020');
insert into GroupMembershipRequests (GroupMemberShipRequestsID, GroupID, GroupMemberUserID, IsGroupMemberShipAccepted, DateAccepted) values (14, 5, 4, true, '7/15/2020');
insert into GroupMembershipRequests (GroupMemberShipRequestsID, GroupID, GroupMemberUserID, IsGroupMemberShipAccepted, DateAccepted) values (15, 2, 14, true, '7/30/2021');
insert into GroupMembershipRequests (GroupMemberShipRequestsID, GroupID, GroupMemberUserID, IsGroupMemberShipAccepted, DateAccepted) values (16, 4, 17, true, '5/5/2021');
insert into GroupMembershipRequests (GroupMemberShipRequestsID, GroupID, GroupMemberUserID, IsGroupMemberShipAccepted, DateAccepted) values (17, 2, 1, true, '1/12/2021');
insert into GroupMembershipRequests (GroupMemberShipRequestsID, GroupID, GroupMemberUserID, IsGroupMemberShipAccepted, DateAccepted) values (18, 3, 16, true, '11/10/2021');
insert into GroupMembershipRequests (GroupMemberShipRequestsID, GroupID, GroupMemberUserID, IsGroupMemberShipAccepted, DateAccepted) values (19, 5, 5, false, '9/10/2022');
insert into GroupMembershipRequests (GroupMemberShipRequestsID, GroupID, GroupMemberUserID, IsGroupMemberShipAccepted, DateAccepted) values (20, 5, 5, true, '12/31/2022');
insert into GroupMembershipRequests (GroupMemberShipRequestsID, GroupID, GroupMemberUserID, IsGroupMemberShipAccepted, DateAccepted) values (21, 5, 10, true, '7/16/2023');
insert into GroupMembershipRequests (GroupMemberShipRequestsID, GroupID, GroupMemberUserID, IsGroupMemberShipAccepted, DateAccepted) values (22, 4, 12, false, '1/25/2021');
insert into GroupMembershipRequests (GroupMemberShipRequestsID, GroupID, GroupMemberUserID, IsGroupMemberShipAccepted, DateAccepted) values (23, 4, 12, true, '7/22/2023');
insert into GroupMembershipRequests (GroupMemberShipRequestsID, GroupID, GroupMemberUserID, IsGroupMemberShipAccepted, DateAccepted) values (24, 1, 18, false, '12/10/2021');
insert into GroupMembershipRequests (GroupMemberShipRequestsID, GroupID, GroupMemberUserID, IsGroupMemberShipAccepted, DateAccepted) values (25, 4, 1, true, '8/29/2022');
insert into GroupMembershipRequests (GroupMemberShipRequestsID, GroupID, GroupMemberUserID, IsGroupMemberShipAccepted, DateAccepted) values (26, 5, 2, true, '9/15/2023');
insert into GroupMembershipRequests (GroupMemberShipRequestsID, GroupID, GroupMemberUserID, IsGroupMemberShipAccepted, DateAccepted) values (27, 2, 7, true, '10/31/2024');
insert into GroupMembershipRequests (GroupMemberShipRequestsID, GroupID, GroupMemberUserID, IsGroupMemberShipAccepted, DateAccepted) values (28, 5, 15, true, '5/28/2024');
insert into GroupMembershipRequests (GroupMemberShipRequestsID, GroupID, GroupMemberUserID, IsGroupMemberShipAccepted, DateAccepted) values (29, 4, 3, false, '6/24/2024');
insert into GroupMembershipRequests (GroupMemberShipRequestsID, GroupID, GroupMemberUserID, IsGroupMemberShipAccepted, DateAccepted) values (30, 4, 6, false, '12/23/2020');
